Workbook

Sheet Read me first
B1: EDRMS Utilization Report: report checker
B2: 13 August 2026. One sheet per dashboard, plus the database design behind them.
B5: What this workbook is for | C5: Checking the report. Every figure on every dashboard is listed with where it comes from, which database column carries it, how it is computed, whether it can be tested in the tenant today, and what to ask the client about it.
B6: How to use it | C6: Filter a dashboard sheet on the Status column. Green rows can be built now. Everything else names what is missing and, in the last column, exactly what to ask and why.
B8: The columns on each dashboard sheet
B9: Section, Element, Type | C9: Where the figure sits on the dashboard, and what kind of thing it is
B10: What the figure is | C10: The measure in one line, so a reader does not have to open the report
B11: Source system | C11: EDRMS database, Microsoft Graph, M365 usage report, site analytics, term store, SharePoint list, or No source
B12: Database table and column | C12: Which of the four tables carries it, and which column. Blank means the column does not exist
B13: How it is produced | C13: The formula or the direction to source it. Written to be handed to whoever builds the Power BI measure
B14: In the design? | C14: Whether the 73 column design already carries it
B15: In the tenant today? | C15: Whether the data exists in the test tenant now
B16: Testable in the tenant, and how | C16: The actual check to run, with the export or the API call
B17: Effort | C17: Easy, Medium or Blocked
B18: Status | C18: The verdict. Colour coded, see the Summary sheet
B19: Question to ask the client | C19: What to ask, and why it matters. Blank means nothing to ask
B21: The single most important fact
B22: Records holds declared records only | C22: public."Records" in drm-npr contains declared records only, about 1,990 in UAT, and no row at all for an undeclared document. So every figure about declared records can be produced today, and every figure needing a denominator waits on the weekly SharePoint scan being built.
B24: The three query rules | C24: Getting any of these wrong produces a plausible wrong number, not an error
B25: 1. Read the latest snapshot | C25: Or 1,057 compliant sites silently becomes 55,000 after a year of retained history
B26: 2. A range sums SiteVisits7 | C26: Never the 30, 90 or 180 day figures. Consecutive 7 day windows tile exactly, longer ones overlap and would count most days several times over
B27: 3. Match on ReportRefreshDate, not SnapshotDate | C27: The first is what Microsoft measured, the second is when the job ran, and they differ. An export taken on 12 Aug carried figures as at 10 Aug
B29: Sheets
B30: 01 to 06 | C30: One per dashboard, in the client's own order from PPT s13
B31: DB 1 to DB 4 | C31: The four tables, every column, its type, source and remarks
B32: Questions to client | C32: Every question from the dashboard sheets, deduplicated and prioritised
B33: Summary | C33: Counts by status and by dashboard, computed from the sheets

Sheet 01 Bank-wide Oversight
A1: Bank-wide Oversight
A2: Client design: PPT s13 to s18, s34 to s44. Filter the Status column to see what can be built now.
A4: S/N | B4: Section | C4: Element | D4: Type | E4: What the figure is | F4: Source system | G4: Database table | H4: Database column | I4: How it is produced | J4: In the design? | K4: In the tenant today? | L4: Testable in the tenant, and how | M4: Effort | N4: Status | O4: Question to ask the client, and why
A5: 1 | B5: Top panel | C5: Total EDRMS Users | D5: KPI | E5: Distinct people who used SharePoint in the window | F5: M365 usage report | G5: 3 User Activity | H5: UserPrincipalName, ViewedOrEditedFileCount | I5: COUNT(DISTINCT UserPrincipalName) WHERE ViewedOrEditedFileCount > 0, over the latest snapshot | J5: Yes | K5: Yes | L5: Yes. Export the SharePoint activity user detail report. Note only 8 of the 30 licensed users in UAT show any activity | M5: Easy | N5: Buildable now | O5: None. Warn the client that the export lists every licensed user, so the row count is not the active count
A6: 2 | B6: Top panel | C6: Total Documents in EDRMS | D6: KPI | E6: All documents in compliant sites, declared or not | F6: EDRMS database plus scan | G6: 1 Utilization Report | H6: All rows WHERE IsEdrmsCompliant AND NOT IsDeleted | I6: COUNT(*). The undeclared rows are the denominator for every rate | J6: Yes | K6: Partly | L6: Partly. The declared half is queryable today. The undeclared half needs the weekly SharePoint scan, which is not built | M6: Medium | N6: Buildable now | O6: None, but flag that the weekly scan must be built before this is real
A7: 3 | B7: Top panel | C7: Total Records Declared | D7: KPI | E7: Documents formally declared as records | F7: EDRMS database | G7: 1 Utilization Report | H7: IsDeclaredRecord | I7: COUNT(*) WHERE IsDeclaredRecord = true | J7: Yes | K7: Yes | L7: Yes. Query public."Records" in drm-npr and count rows. About 1,990 in UAT | M7: Easy | N7: Buildable now
A8: 4 | B8: Top panel | C8: Total Physical Counterparts | D8: KPI | E8: Declared records with a paper counterpart | F8: EDRMS database | G8: 1 Utilization Report | H8: HasPhysical | I8: COUNT(*) WHERE HasPhysical = true | J8: Yes | K8: Yes | L8: Yes. Query Records and count where the EDRMSMeta HasPhysical key is true | M8: Easy | N8: Buildable now
A9: 5 | B9: Top panel | C9: Total Records Due for Disposal | D9: KPI | E9: Records reaching the end of retention in 12 months | F9: EDRMS database | G9: 1 Utilization Report | H9: EDRMSDueDateForDisposal | I9: COUNT(*) WHERE EDRMSDueDateForDisposal BETWEEN today AND today + 12 months | J9: Yes | K9: Yes | L9: Yes. The due date is already computed in the source database | M9: Easy | N9: Buildable now
A10: 6 | B10: Top panel | C10: Active EDRMS Sites, Department / RM / Office | D10: KPI | E10: Compliant departmental sites still in use | F10: M365 usage report plus Microsoft Graph | G10: 2 Site Activity | H10: IsEdrmsCompliant, LastActivityDate, ADBDepartmentOwner | I10: COUNT(*) WHERE IsEdrmsCompliant AND LastActivityDate >= today - 90 | J10: Yes, 2 columns need a rule | K10: Partly | L10: Yes. Export the SharePoint site usage report from admin.microsoft.com, Reports, Usage, SharePoint site usage | M10: Medium | N10: Needs department list | O10: Ask Mihal Le which API returns the installed app list per site, for app {B255A2AF-7F63-4A30-966A-5D5FD99F97D7}. Why: it defines which sites are in the report at all. Also Ask whether an inactive site is 90 days or 300. The deck says 90, the metrics document says 300. Why: it changes every inactivity figure, and it is a one line change either way
A11: 7 | B11: Top panel | C11: Active EDRMS Sites, Sovereign Projects | D11: KPI | E11: Compliant sites belonging to sovereign projects | F11: No source | G11: 2 Site Activity | H11: No column exists | I11: Would be COUNT(*) WHERE facility type = Sovereign | J11: No | K11: No | L11: No. Nothing in the tenant holds this | M11: Blocked | N11: Needs new data source | O11: Ask whether a project site register exists: site URL to project number, and sovereign or nonsovereign. Check Cloud Governance first. Why: it is the only thing missing for the whole Project Insights dashboard, every measure on it is already producible
A12: 8 | B12: Top panel | C12: Active EDRMS Sites, Nonsovereign Projects | D12: KPI | E12: Compliant sites belonging to nonsovereign projects | F12: No source | G12: 2 Site Activity | H12: No column exists | I12: Would be COUNT(*) WHERE facility type = Nonsovereign | J12: No | K12: No | L12: No. Nothing in the tenant holds this | M12: Blocked | N12: Needs new data source | O12: Ask whether a project site register exists: site URL to project number, and sovereign or nonsovereign. Check Cloud Governance first. Why: it is the only thing missing for the whole Project Insights dashboard, every measure on it is already producible
A13: 9 | B13: Users drill | C13: Active users, Never accessed, No access in 90 days | D13: Tile | E13: Adoption split of the user population | F13: M365 usage report | G13: 3 User Activity | H13: LastActivityDate, ViewedOrEditedFileCount | I13: Active: ViewedOrEditedFileCount > 0. Never accessed: LastActivityDate IS NULL. Idle: LastActivityDate < today - 90 | J13: Yes | K13: Yes | L13: Yes. Export the SharePoint activity user detail report. Note only 8 of the 30 licensed users in UAT show any activity | M13: Easy | N13: Buildable now
A14: 10 | B14: Users drill | C14: Staff, Contractors, Consultants | D14: Table column | E14: Employment class of each user | F14: No source | G14: 3 User Activity | H14: No column exists | I14: Would be a GROUP BY over an employment type carried on the user row | J14: No | K14: No | L14: No. Nothing in the tenant holds this | M14: Blocked | N14: Needs new data source | O14: Ask which system owns staff, contractor and consultant classification and training completion. The client asks the same question on their own slide 54. Why: nothing in SharePoint holds it
A15: 11 | B15: Users drill | C15: Training completion | D15: Tile | E15: Share of users who completed EDRMS training | F15: No source | G15: None | H15: No column exists | I15: Would come from an HR or LMS extract joined on UPN | J15: No | K15: No | L15: No. Nothing in the tenant holds this | M15: Blocked | N15: Needs reference list | O15: Ask which system owns staff, contractor and consultant classification and training completion. The client asks the same question on their own slide 54. Why: nothing in SharePoint holds it
A16: 12 | B16: Users drill | C16: By department | D16: Table column | E16: Every user figure cut by department | F16: No source | G16: 2 Site Activity to 3 User Activity | H16: ADBDepartmentOwner | I16: JOIN on site, then GROUP BY ADBDepartmentOwner | J16: Column exists, unpopulated | K16: No | L16: Not until the department list exists. The measure itself is testable bank-wide today | M16: Easy | N16: Needs department list | O16: Ask RAC for the site to department list, roughly 1,057 rows, one department per site URL. Check AvePoint Cloud Governance first, it may already hold it from the site request. Why: this single list unlocks every departmental figure in the report
A17: 13 | B17: Documents drill | C17: Documents, Storage | D17: Table column | E17: Documents held and the space they use | F17: EDRMS database plus Microsoft Graph | G17: 1 Utilization Report | H17: FileCreatedDate, FileSize | I17: COUNT(*) and SUM(FileSize)/1024^3 for GB, grouped by department | J17: Yes, FileSize is a new key | K17: Partly | L17: Yes. Graph Explorer, aka.ms/ge, with the call in the formula column: GET /sites/{id}/drive/items, the size field | M17: Medium | N17: Needs department list | O17: None, but note that a folder returns a cumulative size, so the scan must filter to files only
A18: 14 | B18: Documents drill | C18: Users creating documents | D18: Table column | E18: Distinct authors of documents | F18: No source | G18: 1 Utilization Report | H18: CreatedBy covers declarers only | I18: Would be COUNT(DISTINCT Author). The scan does not capture Author today | J18: Partly | K18: No | L18: No. We hold who declared a record, not who authored an undeclared document | M18: Medium | N18: Needs new column or join | O18: Ask the development team to capture Author on the document scan. Why: without it, creation activity can only be measured for records, not for documents
A19: 15 | B19: Records drill | C19: Records declared, Users declaring, Declaration rate | D19: Table column | E19: Declaration volume and coverage per department | F19: EDRMS database | G19: 1 Utilization Report | H19: IsDeclaredRecord, CreatedBy, ADBDepartmentOwner | I19: Rate = COUNT(IsDeclaredRecord = true) / COUNT(*), grouped by ADBDepartmentOwner | J19: Yes | K19: Partly | L19: Not until the department list exists. The measure itself is testable bank-wide today | M19: Easy | N19: Needs department list | O19: Ask RAC for the site to department list, roughly 1,057 rows, one department per site URL. Check AvePoint Cloud Governance first, it may already hold it from the site request. Why: this single list unlocks every departmental figure in the report
A20: 16 | B20: Records drill | C20: By division | D20: Drill tier | E20: The same figures one level below department | F20: No source | G20: 1 Utilization Report and 2 Site Activity | H20: No division column exists | I20: Would be GROUP BY a division carried alongside department | J20: No, removed 10 Aug and rebuilt as layout 13 Aug | K20: No | L20: No. Nothing in the tenant holds this | M20: Easy once supplied | N20: Needs new data source | O20: Ask who supplies division alongside department. Why: the tier was reinstated at the client's request but nothing in the tenant populates it, so the RAC list has to carry a division column too
A21: 17 | B21: Counterparts drill | C21: Physical counterparts by department | D21: Table column | E21: Records flagged as having a paper copy | F21: EDRMS database | G21: 1 Utilization Report | H21: HasPhysical, ADBDepartmentOwner | I21: COUNT(*) WHERE HasPhysical, grouped by department | J21: Yes | K21: Partly | L21: Not until the department list exists. The measure itself is testable bank-wide today | M21: Easy | N21: Needs department list | O21: Ask RAC for the site to department list, roughly 1,057 rows, one department per site URL. Check AvePoint Cloud Governance first, it may already hold it from the site request. Why: this single list unlocks every departmental figure in the report
A22: 18 | B22: Counterparts drill | C22: Turned over to RAC, Completion rate | D22: Table column | E22: Counterparts physically transferred to RAC | F22: No source | G22: None | H22: No column exists | I22: Would be transferred / flagged as having a counterpart | J22: No | K22: No | L22: No. Nothing in the tenant holds this | M22: Blocked | N22: Needs new data source | O22: Ask RAC for the physical holdings system: boxes, folders, locations, transfers and retrievals. Slide 67 names eServe for retrievals and shows an IR Dashboard screenshot. Why: none of it is in any system this report reads, and access to that dashboard may answer most of it
A23: 19 | B23: Disposal drill | C23: Records due, Next due date | D23: Table column | E23: What falls due and when | F23: EDRMS database | G23: 1 Utilization Report | H23: EDRMSDueDateForDisposal | I23: COUNT and MIN over the due date, grouped by department | J23: Yes | K23: Yes | L23: Yes. Query the due date column directly | M23: Easy | N23: Needs department list | O23: Ask RAC for the site to department list, roughly 1,057 rows, one department per site URL. Check AvePoint Cloud Governance first, it may already hold it from the site request. Why: this single list unlocks every departmental figure in the report
A24: 20 | B24: Disposal drill | C24: Approver, Status, Records disposed | D24: Table column | E24: Who approves a disposal and what happened | F24: No source | G24: 1 Utilization Report | H24: DisposalStatus was removed from the design | I24: Would be GROUP BY status. Nothing records that a disposal occurred | J24: No, deliberately | K24: No | L24: No. Nothing in the tenant holds this | M24: Blocked | N24: Needs application change | O24: Raise a change request for a disposal status field: status, approver, and date disposed. Why: nothing records that a disposal happened, so every completion figure is unanswerable
A25: 21 | B25: Overview of sites | C25: Department table | D25: Table | E25: Sites, documents, records and counterparts for every department | F25: EDRMS database plus M365 usage report | G25: 1 Utilization Report and 2 Site Activity | H25: ADBDepartmentOwner and the measures above | I25: GROUP BY ADBDepartmentOwner over both tables, joined on SiteUrl | J25: Yes | K25: Partly | L25: Not until the department list exists. The measure itself is testable bank-wide today | M25: Medium | N25: Needs department list | O25: Ask RAC for the site to department list, roughly 1,057 rows, one department per site URL. Check AvePoint Cloud Governance first, it may already hold it from the site request. Why: this single list unlocks every departmental figure in the report
A26: 22 | B26: Overview of sites | C26: Department treemap | D26: Chart | E26: Departments sized by records declared | F26: EDRMS database | G26: 1 Utilization Report | H26: IsDeclaredRecord, ADBDepartmentOwner | I26: Same query as the table, rendered as a treemap | J26: Yes | K26: Partly | L26: Not until the department list exists. The measure itself is testable bank-wide today | M26: Easy | N26: Needs department list | O26: Ask RAC for the site to department list, roughly 1,057 rows, one department per site URL. Check AvePoint Cloud Governance first, it may already hold it from the site request. Why: this single list unlocks every departmental figure in the report
A27: 23 | B27: Overview of sites | C27: Sites created, last 90 days | D27: Tile | E27: New compliant sites in the period | F27: Microsoft Graph | G27: 2 Site Activity | H27: SiteCreatedDate | I27: COUNT(*) WHERE SiteCreatedDate >= today - 90 | J27: Yes | K27: Yes | L27: Yes. Graph Explorer, aka.ms/ge, with the call in the formula column: GET /sites?search=*&$select=createdDateTime | M27: Easy | N27: Buildable now
A28: 24 | B28: Overview of sites | C28: Inactive over 90 days | D28: Tile | E28: Sites with no activity since the threshold | F28: M365 usage report | G28: 2 Site Activity | H28: LastActivityDate | I28: COUNT(*) WHERE LastActivityDate < today - 90. Threshold is not stored | J28: Yes | K28: Yes | L28: Yes. Export the SharePoint site usage report from admin.microsoft.com, Reports, Usage, SharePoint site usage. Populated on 381 of 1,918 live sites | M28: Easy | N28: Buildable now | O28: Ask whether an inactive site is 90 days or 300. The deck says 90, the metrics document says 300. Why: it changes every inactivity figure, and it is a one line change either way
A29: 25 | B29: Overview of sites | C29: Sites deleted | D29: Tile | E29: Sites removed since the last snapshot | F29: M365 usage report | G29: 2 Site Activity | H29: IsDeleted | I29: A site present last week and absent this week is the delete signal | J29: Yes, unpopulated | K29: Partly | L29: Partly. Needs two snapshots to compare, so it needs the job running weekly | M29: Medium | N29: Needs new column or join | O29: Confirm that a deleted site should be counted from its disappearance between two snapshots, rather than from a deletion event. Why: nothing raises an event to us, so absence is the only signal available, and it cannot distinguish a deletion from a permissions change that hides the site from the export
A30: 26 | B30: Overview of sites | C30: Sites archived | D30: Tile | E30: Sites moved to an archived state | F30: No source | G30: 2 Site Activity | H30: No column exists | I30: No rule exists to compute it | J30: No | K30: No | L30: No. Nothing in the tenant holds this | M30: Blocked | N30: Decision needed | O30: Ask what archived means for a site, and how it is marked. Why: there is no definition anywhere, so the figure cannot be counted
A31: 27 | B31: Comparison | C31: Users against documents, users against records, documents against records | D31: Chart | E31: Three ratios per department | F31: EDRMS database plus M365 usage report | G31: 1 Utilization Report and 3 User Activity | H31: UserPrincipalName, IsDeclaredRecord, all document rows | I31: Two measures per department drawn side by side. The third pair is the declaration rate | J31: Yes | K31: Partly | L31: Not until the department list exists. The measure itself is testable bank-wide today | M31: Easy | N31: Needs department list | O31: Ask RAC for the site to department list, roughly 1,057 rows, one department per site URL. Check AvePoint Cloud Governance first, it may already hold it from the site request. Why: this single list unlocks every departmental figure in the report
A32: 28 | B32: Declaration trend | C32: Records declared by month | D32: Chart | E32: Declarations in each of the last 12 months | F32: EDRMS database | G32: 1 Utilization Report | H32: CreatedDate, IsDeclaredRecord | I32: COUNT(*) GROUP BY month of CreatedDate, last 12 closed months | J32: Yes | K32: Yes | L32: Yes. Query public."Records" in drm-npr and count rows. About 1,990 in UAT, grouped by month of CreatedDate | M32: Easy | N32: Buildable now
A33: 29 | B33: Declaration trend | C33: Department filter | D33: Filter | E33: The same trend for one department | F33: EDRMS database | G33: 1 Utilization Report | H33: ADBDepartmentOwner | I33: Add WHERE ADBDepartmentOwner = selection | J33: Column exists, unpopulated | K33: No | L33: Not until the department list exists. The measure itself is testable bank-wide today | M33: Easy | N33: Needs department list | O33: Ask RAC for the site to department list, roughly 1,057 rows, one department per site URL. Check AvePoint Cloud Governance first, it may already hold it from the site request. Why: this single list unlocks every departmental figure in the report
A34: 30 | B34: Declaration trend | C34: Records declared this month, Monthly average | D34: Tile | E34: Current month against its 12 month average | F34: EDRMS database | G34: 1 Utilization Report | H34: CreatedDate | I34: Latest month value, and total / 12 | J34: Yes | K34: Yes | L34: Yes. Query public."Records" in drm-npr and count rows. About 1,990 in UAT | M34: Easy | N34: Buildable now
A35: 31 | B35: Declaration trend | C35: Records declared by year | D35: Chart | E35: Declarations per calendar year | F35: EDRMS database | G35: 1 Utilization Report | H35: CreatedDate | I35: COUNT(*) GROUP BY year of CreatedDate | J35: Yes | K35: Yes | L35: Yes. Query public."Records" in drm-npr and count rows. About 1,990 in UAT, grouped by year | M35: Easy | N35: Buildable now
A36: 32 | B36: Site activity trend | C36: Site visits by month | D36: Chart | E36: Page views across the estate each month | F36: M365 usage report | G36: 2 Site Activity | H36: SiteVisits7, ReportRefreshDate | I36: SUM(SiteVisits7) over the snapshots in each month. NEVER sum the 30, 90 or 180 day columns: 7 day windows tile exactly, longer ones overlap | J36: Yes | K36: Partly | L36: Partly. One snapshot is testable today. A series needs the job running weekly, and history that was never captured cannot be recovered | M36: Medium | N36: Buildable now | O36: None. Confirm the job start date with the client, because the trend can only begin there
A37: 33 | B37: Site activity trend | C37: Department and period filters | D37: Filter | E37: The series cut by department and window | F37: M365 usage report | G37: 2 Site Activity | H37: ADBDepartmentOwner, ReportRefreshDate | I37: WHERE ADBDepartmentOwner = selection, and last N months on ReportRefreshDate | J37: Yes | K37: Partly | L37: Not until the department list exists. The measure itself is testable bank-wide today | M37: Easy | N37: Needs department list | O37: Ask RAC for the site to department list, roughly 1,057 rows, one department per site URL. Check AvePoint Cloud Governance first, it may already hold it from the site request. Why: this single list unlocks every departmental figure in the report
A38: 34 | B38: Retention rollup | C38: Permanent and temporary split | D38: Chart and table | E38: How the holding divides by retention type | F38: EDRMS database | G38: 1 Utilization Report | H38: EDRMSDuration, EDRMSRetentionLabel | I38: Permanent WHERE EDRMSDuration = 'Permanent', temporary otherwise. Duration is text, cast before arithmetic | J38: Yes | K38: Yes | L38: Yes. Query the retention label and duration columns | M38: Easy | N38: Buildable now
A39: 35 | B39: Retention rollup | C39: Departments and libraries provisioned per term | D39: Table column | E39: Reach of each retention term | F39: No source | G39: 4 File Plan | H39: No join from a term to a library exists | I39: Would need a term reference on the document or library row | J39: No | K39: No | L39: No. Nothing in the tenant holds this | M39: Blocked | N39: Needs new column or join | O39: Ask the development team to add a term reference to the document row, or supply a term to library mapping list. Why: nothing links a term to a document, so no per term figure can be produced even once the file plan is located
A40: 36 | B40: Retention rollup | C40: Disposed | D40: Table column | E40: Records actually disposed of | F40: No source | G40: 1 Utilization Report | H40: No column exists | I40: Would be COUNT WHERE disposal completed | J40: No | K40: No | L40: No. Nothing in the tenant holds this | M40: Blocked | N40: Needs application change | O40: Raise a change request for a disposal status field: status, approver, and date disposed. Why: nothing records that a disposal happened, so every completion figure is unanswerable
A41: 37 | B41: Format and storage | C41: Files and storage by format group | D41: Chart and table | E41: The eight format families | F41: EDRMS database plus Microsoft Graph | G41: 1 Utilization Report | H41: FormatGroup, FileType, FileSize | I41: COUNT(*) and SUM(FileSize) GROUP BY FormatGroup. FormatGroup is derived from FileType by a mapping list | J41: Yes, mapping outstanding | K41: Partly | L41: Yes. Graph Explorer, aka.ms/ge, with the call in the formula column for size, the database for extension | M41: Medium | N41: Decision needed | O41: Ask RAC for the file extension to format group mapping, a short list. Why: without it every extension falls into All other formats
A42: 38 | B42: Format and storage | C42: Average file size | D42: Table column | E42: Mean size within a format group | F42: Microsoft Graph | G42: 1 Utilization Report | H42: FileSize | I42: SUM(FileSize) / COUNT(*), converted to MB | J42: Yes | K42: Partly | L42: Yes. Graph Explorer, aka.ms/ge, with the call in the formula column | M42: Easy | N42: Buildable now
A43: 39 | B43: Risk and compliance | C43: Compliant, active and inactive sites | D43: Tile and chart | E43: Site health across the estate | F43: M365 usage report | G43: 2 Site Activity | H43: IsEdrmsCompliant, LastActivityDate | I43: COUNT over the compliance flag and the activity threshold | J43: Yes | K43: Partly | L43: Yes. Export the SharePoint site usage report from admin.microsoft.com, Reports, Usage, SharePoint site usage | M43: Easy | N43: Decision needed | O43: Ask Mihal Le which API returns the installed app list per site, for app {B255A2AF-7F63-4A30-966A-5D5FD99F97D7}. Why: it defines which sites are in the report at all. Also Ask whether an inactive site is 90 days or 300. The deck says 90, the metrics document says 300. Why: it changes every inactivity figure, and it is a one line change either way
A44: 40 | B44: Risk and compliance | C44: Orphaned sites, no owner | D44: Tile | E44: Sites with no administrator | F44: M365 usage report | G44: 2 Site Activity | H44: SiteOwner | I44: COUNT(*) WHERE SiteOwner IS NULL | J44: Yes | K44: Yes | L44: Yes. Export the SharePoint site usage report from admin.microsoft.com, Reports, Usage, SharePoint site usage. Verified: 19 of 1,918 live sites have no owner | M44: Easy | N44: Buildable now
A45: 41 | B45: Risk and compliance | C45: Libraries across sites, active, dormant | D45: Tile | E45: Library counts and their activity | F45: Microsoft Graph | G45: 2 Site Activity and 1 Utilization Report | H45: LibraryCount, LibraryLastActivityDate | I45: SUM(LibraryCount). Active WHERE LibraryLastActivityDate >= today - 90, dormant at 180 | J45: Yes | K45: Yes | L45: Yes. Graph Explorer, aka.ms/ge, with the call in the formula column: GET /sites/{id}/drives, lastModifiedDateTime | M45: Easy | N45: Buildable now
A46: 42 | B46: Risk and compliance | C46: Libraries with no declared records | D46: Tile | E46: Provisioned but unused libraries | F46: EDRMS database plus Microsoft Graph | G46: 1 Utilization Report | H46: ListId, IsDeclaredRecord | I46: Library list from Graph MINUS the distinct ListId values present in Records | J46: Yes | K46: Yes | L46: Yes. Compare the Graph drive list against distinct ListId in Records | M46: Easy | N46: Buildable now
A47: 43 | B47: Risk and compliance | C47: Library growth rate | D47: Tile | E47: New records against the opening balance | F47: EDRMS database | G47: 1 Utilization Report | H47: CreatedDate, ListId | I47: Records created in the period / records held at the start of the period | J47: Yes | K47: Yes | L47: Yes. Query public."Records" in drm-npr and count rows. About 1,990 in UAT | M47: Easy | N47: Buildable now
A48: 44 | B48: Risk and compliance | C48: Library ranking, three measures | D48: Chart | E48: Largest by volume, largest by storage, highest declaration rate | F48: EDRMS database plus Microsoft Graph | G48: 1 Utilization Report | H48: ListId, LibraryName, SiteName, FileSize, IsDeclaredRecord | I48: GROUP BY ListId, ordered by the chosen measure. Always show the library with its parent site, because library names repeat across sites | J48: Yes | K48: Partly | L48: Yes. Graph Explorer, aka.ms/ge, with the call in the formula column for size | M48: Easy | N48: Buildable now
A49: 45 | B49: Risk and compliance | C49: Most used libraries | D49: Tile | E49: Libraries ranked by views and edits | F49: No source | G49: None | H49: No column exists | I49: SharePoint reports activity per site and never per library | J49: No | K49: No | L49: No. Nothing in the tenant holds this | M49: Blocked | N49: Needs new data source | O49: Tell the client this cannot be produced and offer records created per library instead. Why: Microsoft exposes no per library activity feed at all
A50: 46 | B50: Risk and compliance | C50: Orphaned libraries | D50: Tile | E50: Libraries with no owner | F50: No source | G50: None | H50: No library owner column exists | I50: We hold an owner for the site only | J50: No | K50: No | L50: No. Nothing in the tenant holds this | M50: Blocked | N50: Needs new column or join | O50: Ask whether a library owner is maintained anywhere. Why: the site owner is the only owner the tenant returns
A51: 47 | B51: Records quality | C51: Duplicated records | D51: Tile | E51: Declared records sharing a filename | F51: EDRMS database | G51: 1 Utilization Report | H51: Title | I51: COUNT over Title HAVING COUNT(*) > 1. A repeated filename is the only definition the data supports, and it will overcount legitimate repeats such as a monthly report | J51: Yes | K51: Yes | L51: Yes. GROUP BY Title on Records and count the groups above one | M51: Easy | N51: Buildable now | O51: Confirm the definition. Why: the client wrote 'with same filenames?' themselves, so they already suspect it is imprecise
A52: 48 | B52: Records quality | C52: Orphaned records | D52: Tile | E52: Records whose parent no longer resolves | F52: EDRMS database | G52: 1 Utilization Report | H52: ListId, SiteUrl | I52: Records whose ListId or SiteUrl no longer appears in the site or library list | J52: Yes | K52: Yes | L52: Yes. Left join Records against the Graph site and drive lists | M52: Easy | N52: Buildable now | O52: Confirm what counts as orphaned. Why: it could mean a missing site, a missing library or a missing owner, and the three give different numbers
A53: 49 | B53: Classification | C53: Records by sensitivity label | D53: Chart and tile | E53: Protection applied to declared records | F53: EDRMS database | G53: 1 Utilization Report | H53: SensitivityLabelName | I53: COUNT(*) GROUP BY SensitivityLabelName, with NULL counted as unlabelled | J53: Yes | K53: Yes | L53: Yes. The column is on the document row in the design and readable from Records | M53: Easy | N53: Buildable now
A54: 50 | B54: Classification | C54: Restricted and Confidential records | D54: Tile | E54: Counts at each classification level | F54: EDRMS database | G54: 1 Utilization Report | H54: SensitivityLabelName | I54: COUNT(*) WHERE SensitivityLabelName IN the chosen levels | J54: Yes | K54: Yes | L54: Yes, provided the label set actually uses those names | M54: Easy | N54: Buildable now | O54: Confirm the label names in use. Why: the tile names must match the tenant's own labels
A55: 51 | B55: Access management | C55: Access requests granted and declined | D55: Tile | E55: Permission requests on sites | F55: No source | G55: None | H55: No column exists | I55: Would come from the audit log, not a reporting feed | J55: No | K55: No | L55: No. Nothing in the tenant holds this | M55: Blocked | N55: Needs new data source | O55: Ask whether audit log access can be granted, and confirm the purpose. Why: access requests, external sharing and permission exceptions live in the audit log, a different Graph surface with a different permission set
A56: 52 | B56: Access management | C56: External sharing, Permission exceptions | D56: Tile | E56: Content shared outside its site | F56: No source | G56: None | H56: No column exists | I56: Audit log and permission data, a different Graph surface | J56: No | K56: No | L56: No. Nothing in the tenant holds this | M56: Blocked | N56: Needs new data source | O56: Ask whether audit log access can be granted, and confirm the purpose. Why: access requests, external sharing and permission exceptions live in the audit log, a different Graph surface with a different permission set
A57: 53 | B57: Search analytics | C57: Searches performed, Successful searches | D57: Tile | E57: How people look for records | F57: No source | G57: None | H57: No column exists | I57: SharePoint search analytics are tenant level and not exposed per record | J57: No | K57: No | L57: No. Nothing in the tenant holds this | M57: Blocked | N57: Needs new data source | O57: Tell the client search analytics cannot be attributed to a record or a library. Why: Microsoft reports them at tenant level only
A58: 54 | B58: Search analytics | C58: Most viewed and most downloaded records | D58: Tile | E58: Top content | F58: No source | G58: None | H58: No column exists | I58: Graph analytics reports a site, never a document | J58: No | K58: No | L58: No. Nothing in the tenant holds this | M58: Blocked | N58: Needs new data source | O58: Offer most active sites instead. Why: document grain analytics do not exist

Sheet 02 Department Insights
A1: Department Insights
A2: Client design: PPT s19 to s28, s53 to s66. Filter the Status column to see what can be built now.
A4: S/N | B4: Section | C4: Element | D4: Type | E4: What the figure is | F4: Source system | G4: Database table | H4: Database column | I4: How it is produced | J4: In the design? | K4: In the tenant today? | L4: Testable in the tenant, and how | M4: Effort | N4: Status | O4: Question to ask the client, and why
A5: 1 | B5: Scope | C5: Department picker | D5: Filter | E5: Every panel follows the chosen department | F5: No source | G5: 2 Site Activity | H5: ADBDepartmentOwner | I5: WHERE ADBDepartmentOwner = selection, inherited by documents through SiteUrl | J5: Column exists, unpopulated | K5: No | L5: Not until the department list exists. The measure itself is testable bank-wide today | M5: Easy | N5: Needs department list | O5: Ask RAC for the site to department list, roughly 1,057 rows, one department per site URL. Check AvePoint Cloud Governance first, it may already hold it from the site request. Why: this single list unlocks every departmental figure in the report
A6: 2 | B6: Top panel | C6: Go-live date | D6: Label | E6: When the department started on EDRMS | F6: No source | G6: None | H6: No column exists | I6: A maintained list, one date per department | J6: No | K6: No | L6: No. Nothing in the tenant holds this | M6: Blocked | N6: Needs reference list | O6: Ask who maintains this list and where it will live. Why: it is not a measurement, nothing can generate it, and without an owner the panel stays empty
A7: 3 | B7: Top panel | C7: Sites, Users, Documents, Records, Counterparts, Due | D7: KPI | E7: The department's totals | F7: EDRMS database plus M365 usage report | G7: 1 Utilization Report, 2 Site Activity, 3 User Activity | H7: Same columns as Bank-wide, filtered | I7: Every bank-wide measure with a department filter applied | J7: Yes | K7: Partly | L7: Not until the department list exists. The measure itself is testable bank-wide today | M7: Easy | N7: Needs department list | O7: Ask RAC for the site to department list, roughly 1,057 rows, one department per site URL. Check AvePoint Cloud Governance first, it may already hold it from the site request. Why: this single list unlocks every departmental figure in the report
A8: 4 | B8: Top panel | C8: Sites Inactive over 90 Days | D8: KPI | E8: Idle sites in this department | F8: M365 usage report | G8: 2 Site Activity | H8: LastActivityDate | I8: COUNT(*) WHERE LastActivityDate < today - 90 | J8: Yes | K8: Yes | L8: Yes. Export the SharePoint site usage report from admin.microsoft.com, Reports, Usage, SharePoint site usage | M8: Easy | N8: Needs department list | O8: Ask whether an inactive site is 90 days or 300. The deck says 90, the metrics document says 300. Why: it changes every inactivity figure, and it is a one line change either way
A9: 5 | B9: Users | C9: Active users by division | D9: Table | E9: Adoption inside the department | F9: M365 usage report | G9: 3 User Activity | H9: UserPrincipalName, LastActivityDate | I9: COUNT(DISTINCT UPN) grouped by division | J9: Division does not exist | K9: No | L9: No. Nothing in the tenant holds this | M9: Easy once supplied | N9: Needs new data source | O9: Ask who supplies division alongside department. Why: the tier was reinstated at the client's request but nothing in the tenant populates it, so the RAC list has to carry a division column too
A10: 6 | B10: Users | C10: Staff, Contractors, Consultants, Training | D10: Table column | E10: Employment class and training | F10: No source | G10: None | H10: No column exists | I10: Would come from an HR or LMS extract joined on UPN | J10: No | K10: No | L10: No. Nothing in the tenant holds this | M10: Blocked | N10: Needs new data source | O10: Ask which system owns staff, contractor and consultant classification and training completion. The client asks the same question on their own slide 54. Why: nothing in SharePoint holds it
A11: 7 | B11: Visitors | C11: Visitors per site | D11: Table | E11: People opening content in each site | F11: Site analytics | G11: 2 Site Activity | H11: UniqueViewers7, UniqueViewersAllTime | I11: GET /sites/{id}/analytics/allTime and /lastSevenDays, the actorCount field. Two windows only, there is no 30 or 90 day window | J11: Yes | K11: Yes | L11: Yes. Graph Explorer, aka.ms/ge, with the call in the formula column. Returned actorCount 12 on a test site | M11: Easy | N11: Buildable now | O11: Warn the client only 7 day and all time windows exist. Why: their slide implies a monthly figure
A12: 8 | B12: Visitors | C12: Internal against external visitors | D12: Table column | E12: Where visitors come from | F12: No source | G12: 2 Site Activity | H12: No column exists | I12: Graph returns a count with no internal or external split | J12: No | K12: No | L12: No. Nothing in the tenant holds this | M12: Blocked | N12: Needs new data source | O12: Ask whether audit log access can be granted, and confirm the purpose. Why: access requests, external sharing and permission exceptions live in the audit log, a different Graph surface with a different permission set
A13: 9 | B13: Visitors | C13: Access requests granted and declined | D13: Table column | E13: Permission requests per site | F13: No source | G13: None | H13: No column exists | I13: Audit log data, not a reporting feed | J13: No | K13: No | L13: No. Nothing in the tenant holds this | M13: Blocked | N13: Needs new data source | O13: Ask whether audit log access can be granted, and confirm the purpose. Why: access requests, external sharing and permission exceptions live in the audit log, a different Graph surface with a different permission set
A14: 10 | B14: Sites | C14: Site list with owners | D14: Table | E14: Every site the department owns | F14: M365 usage report | G14: 2 Site Activity | H14: SiteName, SiteOwner, SiteUrl | I14: All sites WHERE ADBDepartmentOwner = selection | J14: Yes | K14: Partly | L14: Yes. Export the SharePoint site usage report from admin.microsoft.com, Reports, Usage, SharePoint site usage. SiteOwner present on 1,899 of 1,918 live sites | M14: Easy | N14: Needs department list | O14: Ask RAC for the site to department list, roughly 1,057 rows, one department per site URL. Check AvePoint Cloud Governance first, it may already hold it from the site request. Why: this single list unlocks every departmental figure in the report
A15: 11 | B15: Sites | C15: Documents, records, counterparts, due per site | D15: Table column | E15: What each site holds | F15: EDRMS database | G15: 1 Utilization Report | H15: SiteUrl, IsDeclaredRecord, HasPhysical, EDRMSDueDateForDisposal | I15: GROUP BY SiteUrl over the document table | J15: Yes | K15: Partly | L15: Partly. The declared half is queryable today. The undeclared half needs the weekly SharePoint scan, which is not built | M15: Easy | N15: Needs department list | O15: Ask RAC for the site to department list, roughly 1,057 rows, one department per site URL. Check AvePoint Cloud Governance first, it may already hold it from the site request. Why: this single list unlocks every departmental figure in the report
A16: 12 | B16: Sites | C16: No activity in 90 days | D16: Table column | E16: Sites that have gone quiet | F16: M365 usage report | G16: 2 Site Activity | H16: LastActivityDate | I16: LastActivityDate < today - 90, derived not stored | J16: Yes | K16: Yes | L16: Yes. Export the SharePoint site usage report from admin.microsoft.com, Reports, Usage, SharePoint site usage | M16: Easy | N16: Buildable now | O16: Ask whether an inactive site is 90 days or 300. The deck says 90, the metrics document says 300. Why: it changes every inactivity figure, and it is a one line change either way
... A26: 22 | B26: Programme dates | C26: Audit, review, training, CoP dates | D26: Panel | E26: The records management calendar | F26: No source | G26: None | H26: No column exists | I26: A maintained list, five dates per department | J26: No | K26: No | L26: No. Nothing in the tenant holds this | M26: Blocked | N26: Needs reference list | O26: Ask who maintains this list and where it will live. Why: it is not a measurement, nothing can generate it, and without an owner the panel stays empty

Sheet 03 Project Insights
A1: Project Insights
A2: Client design: PPT s36, s37, s38. Filter the Status column to see what can be built now.
A4: S/N | B4: Section | C4: Element | D4: Type | E4: What the figure is | F4: Source system | G4: Database table | H4: Database column | I4: How it is produced | J4: In the design? | K4: In the tenant today? | L4: Testable in the tenant, and how | M4: Effort | N4: Status | O4: Question to ask the client, and why
A5: 1 | B5: Classification | C5: Which sites are project sites | D5: Filter | E5: The population this dashboard reports on | F5: No source | G5: 2 Site Activity | H5: No column exists | I5: Would be a project register loaded onto the site row, the same way department will be | J5: No | K5: No | L5: No. Nothing in the tenant holds this | M5: Blocked | N5: Needs new data source | O5: Ask whether a project site register exists: site URL to project number, and sovereign or nonsovereign. Check Cloud Governance first. Why: it is the only thing missing for the whole Project Insights dashboard, every measure on it is already producible
A6: 2 | B6: Classification | C6: Sovereign against nonsovereign | D6: Filter | E6: Facility type of each project | F6: No source | G6: 2 Site Activity | H6: No column exists | I6: Would come with the project register | J6: No | K6: No | L6: No. Nothing in the tenant holds this | M6: Blocked | N6: Needs new data source | O6: Ask whether a project site register exists: site URL to project number, and sovereign or nonsovereign. Check Cloud Governance first. Why: it is the only thing missing for the whole Project Insights dashboard, every measure on it is already producible
A7: 3 | B7: Projects | C7: Project number and name | D7: Table | E7: The list of projects | F7: No source | G7: 2 Site Activity | H7: No column exists | I7: ADB operational data, held in ADB project systems | J7: No | K7: No | L7: No. Nothing in the tenant holds this | M7: Blocked | N7: Needs new data source | O7: Ask whether a project site register exists: site URL to project number, and sovereign or nonsovereign. Check Cloud Governance first. Why: it is the only thing missing for the whole Project Insights dashboard, every measure on it is already producible
A8: 4 | B8: Projects | C8: Sites, documents, records, counterparts, due | D8: Table column | E8: What each project holds | F8: EDRMS database | G8: 1 Utilization Report and 2 Site Activity | H8: All the standard measures | I8: Every one of these is producible today for any site we can identify. Only the classification is missing | J8: Yes | K8: Partly | L8: Yes, once a site can be identified as belonging to a project | M8: Easy | N8: Needs new data source | O8: Ask whether a project site register exists: site URL to project number, and sovereign or nonsovereign. Check Cloud Governance first. Why: it is the only thing missing for the whole Project Insights dashboard, every measure on it is already producible
A9: 5 | B9: Profile | C9: Facility type, modality, country, status, dates | D9: Panel | E9: The project's own attributes | F9: No source | G9: None | H9: No column exists | I9: ADB operational data. ProjectEndDate on the site table is the only project field held | J9: One field of eight | K9: No | L9: No. Nothing in the tenant holds this | M9: Blocked | N9: Needs new data source | O9: Ask whether a project site register exists: site URL to project number, and sovereign or nonsovereign. Check Cloud Governance first. Why: it is the only thing missing for the whole Project Insights dashboard, every measure on it is already producible
A10: 6 | B10: Profile | C10: Declaration and counterpart donuts | D10: Chart | E10: Recordkeeping for one project | F10: EDRMS database | G10: 1 Utilization Report | H10: IsDeclaredRecord, HasPhysical | I10: Two slice donuts over the project's documents | J10: Yes | K10: Partly | L10: Yes, once the project's sites are known | M10: Easy | N10: Needs new data source | O10: Ask whether a project site register exists: site URL to project number, and sovereign or nonsovereign. Check Cloud Governance first. Why: it is the only thing missing for the whole Project Insights dashboard, every measure on it is already producible

Sheet 04 Institutional File Plan
A1: Institutional File Plan Insights
A2: Client design: PPT s29 to s31, s47 to s52. Filter the Status column to see what can be built now.
A4: S/N | B4: Section | C4: Element | D4: Type | E4: What the figure is | F4: Source system | G4: Database table | H4: Database column | I4: How it is produced | J4: In the design? | K4: In the tenant today? | L4: Testable in the tenant, and how | M4: Effort | N4: Status | O4: Question to ask the client, and why
A5: 1 | B5: Structure | C5: The five categories | D5: KPI and table | E5: Top level groups of the file plan | F5: Term store | G5: 4 File Plan | H5: CategoryName, TermName, TermSetName, Depth | I5: GET /termStore/groups, then /sets, then /children, walking one level at a time | J5: Yes, unverified | K5: No | L5: Partly. The term store is readable, but it does not hold this file plan. It holds 6 dropdown value sets, 16 terms, one level deep | M5: Medium | N5: Decision needed | O5: Ask where the institutional file plan actually lives. It is in neither the term store, which holds 6 dropdown value sets and 16 terms one level deep, nor Purview, which holds 53 flat retention labels. Why: a whole dashboard waits on the answer
A6: 2 | B6: Structure | C6: Total terms, terms per category | D6: KPI | E6: Size of the plan | F6: Term store | G6: 4 File Plan | H6: TermId, CategoryName | I6: COUNT(*) GROUP BY CategoryName | J6: Yes | K6: No | L6: Yes for whatever the term store holds, which is not the file plan | M6: Easy | N6: Decision needed | O6: Ask where the institutional file plan actually lives. It is in neither the term store, which holds 6 dropdown value sets and 16 terms one level deep, nor Purview, which holds 53 flat retention labels. Why: a whole dashboard waits on the answer
A7: 3 | B7: Term tables | C7: Documents, records, counterparts per term | D7: Table column | E7: How heavily each term is used | F7: No source | G7: 1 Utilization Report to 4 File Plan | H7: No join key exists | I7: Would be COUNT over documents GROUP BY term. Table 4 has no join key and Table 1 carries no TermId | J7: No | K7: No | L7: No. Nothing in the tenant holds this | M7: Blocked | N7: Needs new column or join | O7: Ask the development team to add a term reference to the document row, or supply a term to library mapping list. Why: nothing links a term to a document, so no per term figure can be produced even once the file plan is located
A8: 4 | B8: Term tables | C8: Libraries and departments provisioned per term | D8: Table column | E8: Reach of each term | F8: No source | G8: 4 File Plan | H8: No join key exists | I8: Same missing link, plus the department list | J8: No | K8: No | L8: No. Nothing in the tenant holds this | M8: Blocked | N8: Needs new column or join | O8: Ask the development team to add a term reference to the document row, or supply a term to library mapping list. Why: nothing links a term to a document, so no per term figure can be produced even once the file plan is located. Also Ask RAC for the site to department list, roughly 1,057 rows, one department per site URL. Check AvePoint Cloud Governance first, it may already hold it from the site request. Why: this single list unlocks every departmental figure in the report
A9: 5 | B9: Term usage | C9: Most used and least used terms | D9: Chart | E9: Usage pattern across the plan | F9: No source | G9: 1 Utilization Report to 4 File Plan | H9: No join key exists | I9: Ordered COUNT per term, once the join exists | J9: No | K9: No | L9: No. Nothing in the tenant holds this | M9: Blocked | N9: Needs new column or join | O9: Ask the development team to add a term reference to the document row, or supply a term to library mapping list. Why: nothing links a term to a document, so no per term figure can be produced even once the file plan is located
A10: 6 | B10: Classification | C10: Records by classification | D10: Tile | E10: Declared records by file plan term | F10: No source | G10: 1 Utilization Report | H10: No term reference exists | I10: The term table read the other way round | J10: No | K10: No | L10: No. Nothing in the tenant holds this | M10: Blocked | N10: Needs new column or join | O10: Ask the development team to add a term reference to the document row, or supply a term to library mapping list. Why: nothing links a term to a document, so no per term figure can be produced even once the file plan is located
A11: 7 | B11: Classification | C11: Records by business process | D11: Tile | E11: Declared records by business activity | F11: No source | G11: None | H11: No column exists, and no definition exists | I11: Needs both the term join and a definition of what a business process is in ADB terms | J11: No | K11: No | L11: No. Nothing in the tenant holds this | M11: Blocked | N11: Decision needed | O11: Ask what a business process is and how it relates to a file plan term. The two are not the same thing and the requirement names it once without defining it. Why: it cannot be counted until somebody says what it counts

Sheet 05 Retention and Disposal
A1: Retention and Disposal Insights
A2: Client design: PPT s32, s44 to s46. Filter the Status column to see what can be built now.
A4: S/N | B4: Section | C4: Element | D4: Type | E4: What the figure is | F4: Source system | G4: Database table | H4: Database column | I4: How it is produced | J4: In the design? | K4: In the tenant today? | L4: Testable in the tenant, and how | M4: Effort | N4: Status | O4: Question to ask the client, and why
A5: 1 | B5: Structure | C5: Permanent and temporary screens | D5: Filter | E5: The two retention types | F5: EDRMS database | G5: 1 Utilization Report | H5: EDRMSDuration | I5: Permanent WHERE EDRMSDuration = 'Permanent', temporary otherwise | J5: Yes | K5: Yes | L5: Yes. Query the duration column on Records | M5: Easy | N5: Buildable now
A6: 2 | B6: Retention | C6: Records due, 30, 90 and 12 month windows | D6: Tile and chart | E6: What falls due in each window | F6: EDRMS database | G6: 1 Utilization Report | H6: EDRMSDueDateForDisposal | I6: COUNT(*) WHERE the due date falls in each window. The windows must nest | J6: Yes | K6: Yes | L6: Yes. The due date is already computed in the source database | M6: Easy | N6: Buildable now
A7: 3 | B7: Retention | C7: Retention label and duration per term | D7: Table column | E7: How long each class is kept | F7: EDRMS database | G7: 1 Utilization Report | H7: EDRMSRetentionLabel, EDRMSDuration | I7: GROUP BY label. Duration is text, cast before arithmetic | J7: Yes | K7: Yes | L7: Yes. Purview holds 53 labels, and the label is on the record row | M7: Easy | N7: Buildable now
A8: 4 | B8: Retention | C8: Beyond retention period | D8: Tile | E8: Records past their disposal date | F8: EDRMS database | G8: 1 Utilization Report | H8: EDRMSDueDateForDisposal | I8: COUNT(*) WHERE the due date is in the past | J8: Yes | K8: Yes | L8: Yes | M8: Easy | N8: Buildable now | O8: Warn that this means the date has passed, not that action is outstanding. Why: nothing records whether a disposal was carried out
A9: 5 | B9: Compliance | C9: Records with and without a retention schedule | D9: Tile | E9: Whether a record can be scheduled at all | F9: EDRMS database | G9: 1 Utilization Report | H9: EDRMSRetentionLabel | I9: COUNT WHERE the label IS NULL against NOT NULL | J9: Yes | K9: Yes | L9: Yes | M9: Easy | N9: Buildable now
A10: 6 | B10: Compliance | C10: Libraries without a mapped retention schedule | D10: Tile | E10: Unmapped libraries | F10: SharePoint list | G10: 1 Utilization Report | H10: ADBLibraryCategory, ListId | I10: Library list MINUS the libraries present in the Retention Label Mapping list | J10: Yes | K10: Unknown | L10: Yes, and worth doing first: open the Retention Label Mapping list and check whether it keys libraries by ListId or by name | M10: Easy | N10: Decision needed | O10: Check the mapping list's key yourself before asking anyone. Why: if it keys by ListId this metric goes straight in, and if it keys by name the join is too fragile to trust
A11: 7 | B11: Terms | C11: Departments and libraries provisioned per term | D11: Table column | E11: Reach of each retention term | F11: No source | G11: 4 File Plan | H11: No join key exists | I11: Same missing link as the file plan | J11: No | K11: No | L11: No. Nothing in the tenant holds this | M11: Blocked | N11: Needs new column or join | O11: Ask the development team to add a term reference to the document row, or supply a term to library mapping list. Why: nothing links a term to a document, so no per term figure can be produced even once the file plan is located
A12: 8 | B12: Disposal | C12: Records disposed, awaiting approval, backlog | D12: Tile | E12: What has actually happened | F12: No source | G12: 1 Utilization Report | H12: DisposalStatus was removed from the design | I12: Would be COUNT GROUP BY disposal status | J12: No, deliberately | K12: No | L12: No. Nothing in the tenant holds this | M12: Blocked | N12: Needs application change | O12: Raise a change request for a disposal status field: status, approver, and date disposed. Why: nothing records that a disposal happened, so every completion figure is unanswerable
A13: 9 | B13: Disposal | C13: Physical records overdue for transfer | D13: Tile | E13: Counterparts not yet with RAC | F13: No source | G13: None | H13: No column exists | I13: Needs the RAC holdings system | J13: No | K13: No | L13: No. Nothing in the tenant holds this | M13: Blocked | N13: Needs new data source | O13: Ask RAC for the physical holdings system: boxes, folders, locations, transfers and retrievals. Slide 67 names eServe for retrievals and shows an IR Dashboard screenshot. Why: none of it is in any system this report reads, and access to that dashboard may answer most of it

Sheet 06 Records and Archive Holdings
A1: Records and Archive Holdings
A2: Client design: PPT s33, s67 to s69. Filter the Status column to see what can be built now.
A4: S/N | B4: Section | C4: Element | D4: Type | E4: What the figure is | F4: Source system | G4: Database table | H4: Database column | I4: How it is produced | J4: In the design? | K4: In the tenant today? | L4: Testable in the tenant, and how | M4: Effort | N4: Status | O4: Question to ask the client, and why
A5: 1 | B5: Storage | C5: Boxes and folders by location | D5: Table | E5: Physical holdings at each location | F5: No source | G5: None, a PhysicalRecords table was designed and never built | H5: No column exists | I5: Would come from a physical holdings register | J5: Designed, not built | K5: No | L5: No. Nothing in the tenant holds this | M5: Blocked | N5: Needs new data source | O5: Ask RAC for the physical holdings system: boxes, folders, locations, transfers and retrievals. Slide 67 names eServe for retrievals and shows an IR Dashboard screenshot. Why: none of it is in any system this report reads, and access to that dashboard may answer most of it
A6: 2 | B6: Storage | C6: Requests and requestors | D6: Table column | E6: Who is depositing records | F6: No source | G6: None | H6: No column exists | I6: Would come from the same register | J6: No | K6: No | L6: No. Nothing in the tenant holds this | M6: Blocked | N6: Needs new data source | O6: Ask RAC for the physical holdings system: boxes, folders, locations, transfers and retrievals. Slide 67 names eServe for retrievals and shows an IR Dashboard screenshot. Why: none of it is in any system this report reads, and access to that dashboard may answer most of it
A7: 3 | B7: Storage | C7: Capacity used per location | D7: Chart | E7: How full each room is | F7: No source | G7: None | H7: No column exists | I7: Facility data. The client asks directly whether it can be included | J7: No | K7: No | L7: No. Nothing in the tenant holds this | M7: Blocked | N7: Needs new data source | O7: Ask RAC for the physical holdings system: boxes, folders, locations, transfers and retrievals. Slide 67 names eServe for retrievals and shows an IR Dashboard screenshot. Why: none of it is in any system this report reads, and access to that dashboard may answer most of it. Answer their direct question: capacity can be displayed the moment somebody holds the figure
A8: 4 | B8: Retrieval | C8: Boxes and folders retrieved, status | D8: Table | E8: Records taken out of the holdings | F8: No source | G8: None | H8: No column exists | I8: Slide 67 says retrieval is processed in eServe | J8: No | K8: No | L8: No. Nothing in the tenant holds this | M8: Blocked | N8: Needs new data source | O8: Ask RAC for the physical holdings system: boxes, folders, locations, transfers and retrievals. Slide 67 names eServe for retrievals and shows an IR Dashboard screenshot. Why: none of it is in any system this report reads, and access to that dashboard may answer most of it
A9: 5 | B9: Inventory health | C9: Unverified, missing, due for verification | D9: Tile | E9: State of the physical inventory | F9: No source | G9: None | H9: No column exists | I9: Implies a physical inventory process with a system behind it | J9: No | K9: No | L9: No. Nothing in the tenant holds this | M9: Blocked | N9: Needs new data source | O9: Ask RAC for the physical holdings system: boxes, folders, locations, transfers and retrievals. Slide 67 names eServe for retrievals and shows an IR Dashboard screenshot. Why: none of it is in any system this report reads, and access to that dashboard may answer most of it
A10: 6 | B10: Inventory health | C10: Total physical files, legacy records | D10: Tile | E10: Size of the holding | F10: No source | G10: None | H10: No column exists | I10: Same register | J10: No | K10: No | L10: No. Nothing in the tenant holds this | M10: Blocked | N10: Needs new data source | O10: Ask RAC for the physical holdings system: boxes, folders, locations, transfers and retrievals. Slide 67 names eServe for retrievals and shows an IR Dashboard screenshot. Why: none of it is in any system this report reads, and access to that dashboard may answer most of it
A11: 7 | B11: Whole dashboard | C11: Recommendation | D11: Note | E11: How to run this piece of work | F11: No source | G11: None | H11: n/a | I11: Run as its own workstream. It is a second data source discovery exercise of the same size as the SharePoint one already completed, and inside the utilization report it would hold up the other five dashboards | J11: n/a | K11: n/a | L11: n/a | M11: n/a | N11: Decision needed | O11: Ask for access to the IR Dashboard shown on slide 67, and ask what is available in Opus. Why: both are their own questions to us, and the IR Dashboard may already hold most of this

Sheet DB 1 UtilizationReport
A1: UTILIZATION REPORT TABLE
A2: One row per document held in an EDRMS compliant site, declared or not. About 3.47 million rows, replaced in full at each weekly refresh. The undeclared documents are the point: without them there is no denominator and therefore no declaration rate.
A4: S/N | B4: Column | C4: Field type | D4: What it holds | E4: Values | F4: Sample | G4: Where the value comes from | H4: Joins to | I4: Remarks
A5: 1 | B5: Id | C5: uuid | D5: Primary key. Uniquely identifies each row of the snapshot. Regenerated on every refresh, because the whole table is replaced rather than updated in place. | E5: System generated | F5: 3f2a91c4-7b18-4d0e-9a52-c6f0b81c4d2e | G5: Job generated
A6: 2 | B6: SnapshotDate | C6: date | D6: The date the refresh job captured this data. The same value appears on every row of a single run, and it is what the Data as of line prints at the top of every dashboard. | E6: System generated | F6: 2026-07-27 | G6: Job generated | I6: NEW. One value per run. A dashboard is only as current as this date. THIS TABLE IS REPLACED, NOT RETAINED, unlike the other three: at 3.47 million rows a week a year of history would be 180 million rows, and it is not needed, because every document row already carries its own dates.
A7: 3 | B7: DocumentId | C7: text | D7: The SharePoint Document ID, meaning the identifier SharePoint assigns to a document and keeps through a rename or a move. | E7: SharePoint Document ID | F7: 1000-52341 | G7: EDRMS database | I7: Nullable, which is why it is not the row identity. See ListId and ItemId.
A8: 4 | B8: Title | C8: text | D8: The filename of the document, including its extension. | E8: Free text | F8: Board Paper Q2.pdf | G8: EDRMS database
A9: 5 | B9: DocumentUrl | C9: text | D9: The full web address of the document, so a reader can click through from the report to the file itself. | E9: Absolute URL | F9: https://adb.sharepoint.com/sites/edrms-cwrd/AnnualMeet/Board Paper Q2.pdf | G9: Derived at load | I9: NEW. Assembled at load time from SiteUrl, LibraryUrl, FolderPath and Title. Not stored anywhere today.
A10: 6 | B10: FileType | C10: text | D10: The file extension in lower case, taken from the filename. | E10: Free text | F10: pdf | G10: EDRMS database | I10: Flattened out of the FileMeta JSON, keeping the key name.
A11: 7 | B11: FormatGroup | C11: text | D11: The format family the report groups by. Derived from FileType using a mapping list, so that doc and docx both count as Word. | E11: PDF / Word / Excel / PowerPoint / Email / Image files / Video files / All other formats | F11: PDF | G11: NEEDS A DECISION | I11: NEW. Derived. RAC signs off the extension to group mapping once; anything unrecognised falls into All other formats.
A12: 8 | B12: FileSize | C12: bigint | D12: The size of the file in bytes. Held in bytes rather than megabytes so nothing is rounded before it is totalled. | E12: System generated | F12: 2516582 | G12: Microsoft Graph | I12: NEW KEY on FileMeta. Every storage figure depends on it. Microsoft Graph returns it on every item, so the scan gets it at no extra cost.
A13: 9 | B13: FileCreatedDate | C13: timestamp with time zone | D13: The date and time the file itself was created, which is not the same as the date it was declared a record. | E13: System generated | F13: 2026-03-12 09:14:00+00 | G13: EDRMS database | I13: The date range on the Total Documents panel reads this column.
A14: 10 | B14: FileModifiedDate | C14: timestamp with time zone | D14: The date and time the file itself was last changed. | E14: System generated | F14: 2026-06-04 16:02:00+00 | G14: Microsoft Graph | I14: NEW. Named this way because ModifiedDate in Records means when the record row changed, not the file.
A15: 11 | B15: FolderPath | C15: text | D15: The folder path inside the library, so documents can be separated by folder within one library. | E15: Server relative path | F15: /2026/Q2/Board | G15: EDRMS database
A16: 12 | B16: LibraryName | C16: text | D16: The display name of the document library holding the file. | E16: Free text | F16: Annual Meetings | G16: EDRMS database | I16: The deepest level of the drill down.
A17: 13 | B17: LibraryUrl | C17: text | D17: The web address of the library, for click through. | E17: Server relative URL | F17: /sites/edrms-cwrd/AnnualMeet | G17: EDRMS database
A18: 14 | B18: LibraryLastActivityDate | C18: date | D18: The date anything in the library last changed. Used to judge whether a library is still in use. | E18: System generated | F18: 2026-07-22 | G18: Microsoft Graph | I18: NEW. Microsoft Graph returns it as lastModifiedDateTime on the drive, from the same call that supplies LibraryCount. Repeated on every document row of that library.
A19: 15 | B19: ListId | C19: uuid | D19: The GUID, meaning the system generated identifier, of the SharePoint library. Libraries can be renamed but this does not change, so every library figure groups on it. | E19: SharePoint list GUID | F19: a869c724-ac4f-4144-8526-69b5aeef3a68 | G19: EDRMS database | I19: Verified to match SharePoint's own list GUID, so the join to Graph is safe.
A20: 16 | B20: ItemId | C20: integer | D20: The item number SharePoint assigns within a library. Unique inside one library, not across libraries. | E20: System generated | F20: 203 | G20: EDRMS database | I20: With ListId this identifies exactly one item. Together they are the identity of a row.
A21: 17 | B21: ADBLibraryCategory | C21: text | D21: The category the library belongs to, used to group records by classification. | E21: Common Document Library / Procurement / and the other values in the mapping list | F21: Common Document Library | G21: SharePoint list | H21: Retention Label Mapping list | I21: ADBMeta is empty. The same value is maintained today as Library Type in the Retention Label Mapping list.
A22: 18 | B22: SiteName | C22: text | D22: The display name of the SharePoint site holding the file. | E22: Free text | F22: EDRMS CWRD | G22: EDRMS database | H22: Site Activity Table
A23: 19 | B23: SiteUrl | C23: text | D23: The web address of the site holding the file. This is the column that joins a document to its site. | E23: Absolute URL | F23: https://adb.sharepoint.com/sites/edrms-cwrd | G23: EDRMS database | H23: Site Activity Table | I23: The join key behind every department figure. Every existing row already carries it.
A24: 20 | B24: SiteCreatedDate | C24: date | D24: The date the SharePoint site was created. Copied from the Site Activity Table so a document can be filtered by the age of its site without a join. | E24: System generated | F24: 2026-01-18 | G24: Microsoft Graph | H24: Site Activity Table | I24: NEW.
A25: 21 | B25: IsEdrmsCompliant | C25: boolean | D25: Whether the site holding this document is an EDRMS compliant site, meaning it has the Declare as Record button. | E25: true / false | F25: true | G25: NEEDS A DECISION | H25: Site Activity Table | I25: NEW. Determined by whether the EDRMS app is installed on the site. Defines the population of this whole table.
A26: 22 | B26: ADBDepartmentOwner | C26: text | D26: The department that owns the site holding this document. Inherited from the site rather than set on each document. | E26: Values from the Department term set | F26: CWRD | G26: NEEDS A DECISION | H26: Site Activity Table | I26: GAP. The SharePoint column exists and is empty on every row. Arrives from the RAC site mapping, loaded onto the site and inherited through SiteUrl.
A27: 23 | B27: IsDeclaredRecord | C27: boolean | D27: Whether this document has been formally declared a record. This is the single most important column in the report, because it separates the numerator from the denominator in every rate. | E27: true / false | F27: true | G27: Derived at load | I27: NEW but free. Derived at load: true where the document is present in Records, false where the scan found it and Records does not.
A28: 24 | B28: CreatedDate | C28: timestamp with time zone | D28: The date and time the user declared the file as a record. Blank for a document that has never been declared. | E28: System generated | F28: 2026-03-12 09:14:00+00 | G28: EDRMS database | I28: Every declaration date filter reads this column. Not the file's own creation date.
A29: 25 | B29: CreatedBy | C29: text | D29: The User Principal Name, meaning the sign-in email address, of the person who declared the record. | E29: Valid ADB UPN | F29: jperez@adb.org | G29: EDRMS database
A30: 26 | B30: DeclarationType | C30: integer | D30: Whether the record was declared individually or through a centralised process, held as a numeric code. | E30: System generated | F30: 1 | G30: EDRMS database | I30: Deployed today as an integer. The code to label mapping needs confirming with the development team.
A31: 27 | B31: HasPhysical | C31: boolean | D31: Whether a physical paper counterpart of this record exists. | E31: true / false | F31: false | G31: EDRMS database | I31: Blank rather than false for undeclared documents, since neither answer is known for them.
A32: 28 | B32: PhysicalCounterpartRetention | C32: text | D32: The retention that applies to the physical copy, maintained per library rather than per document. | E32: Long Term / Permanent | F32: Long Term | G32: SharePoint list | H32: Retention Label Mapping list
A33: 29 | B33: EDRMSRetentionLabel | C33: text | D33: The retention label applied to the file, which is what determines how long it is kept. | E33: Values from the Purview file plan | F33: 10 years after declaration | G33: EDRMS database | I33: A record with no label has no disposal date and cannot be scheduled at all.
A34: 30 | B34: EDRMSDuration | C34: text | D34: The length of the retention period attached to the label. | E34: Free text | F34: 10 | G34: EDRMS database | I34: Stored as text rather than a number so it can hold Permanent alongside 10. Cast before doing arithmetic on it.
A35: 31 | B35: EDRMSRetentionLabelApplied | C35: timestamp with time zone | D35: The date and time the retention label was applied to the file. | E35: System generated | F35: 2026-03-12 09:20:00+00 | G35: EDRMS database | I35: Never use this to date a declaration. A label can be applied to a document that was never declared.
A36: 32 | B36: EDRMSDueDateForDisposal | C36: date | D36: The date the record becomes due for disposal, computed as the label applied date plus the duration. | E36: System generated | F36: 2036-03-12 | G36: EDRMS database | I36: Already computed in the source database. Records due for disposal is a count over this column and needs nothing new.
A37: 33 | B37: RetentionStatus | C37: text | D37: The retention classification derived from the duration. | E37: Values maintained in EDRMSMasters | F37: Active | G37: EDRMS database | H37: EDRMSMasters
A38: 34 | B38: SensitivityLabelName | C38: text | D38: The sensitivity label applied to the file, such as Internal or Confidential. | E38: Values from the DRM Classification Information term set | F38: Internal | G38: EDRMS database | I38: Not on any current dashboard. Carried because it is free and the obvious basis for a protection view.
A39: 35 | B39: IsDeleted | C39: boolean | D39: Soft delete flag. Every count on every dashboard excludes rows where this is true. | E39: true / false | F39: false | G39: Derived at load | I39: For undeclared documents, absence from the next scan is the delete signal.
A40: 36 | B40: RowLoadedDate | C40: timestamp with time zone | D40: The date and time this row was last written by the refresh job. | E40: System generated | F40: 2026-07-27 06:00:00+00 | G40: Job generated | I40: NEW. Operational only. Lets a failed or partial refresh be spotted.

Sheet DB 2 SiteActivity
A1: SITE ACTIVITY TABLE
A2: One row per SharePoint site. About 1,057 rows. Exists for the two things a document level table cannot do: count a site that holds no documents, and hold visit and viewer counts that are measured per site and would be nonsense repeated on every document row.
A4: S/N | B4: Column | C4: Field type | D4: What it holds | E4: Values | F4: Sample | G4: Where the value comes from | H4: Joins to | I4: Remarks
A5: 1 | B5: Id | C5: uuid | D5: Primary key. Uniquely identifies each site row of the snapshot. | E5: System generated | F5: 8c1d47b2-93ae-4f60-b1d5-2e7a6f0c9d31 | G5: Job generated
A6: 2 | B6: SnapshotDate | C6: date | D6: The date the refresh job captured this data. The same value on every row of a run. | E6: System generated | F6: 2026-07-27 | G6: Job generated | I6: NEW. PART OF THE PRIMARY KEY. This table is RETAINED: every weekly run inserts a new set of rows rather than replacing the last, so a site has one row per week. Reports read the most recent snapshot unless a date range is applied. The earliest selectable date is the first run, because history that was never captured cannot be recovered.
A7: 3 | B7: SiteId | C7: uuid | D7: The GUID, meaning the system generated identifier, of the SharePoint site. Stable across a rename, unlike the URL. | E7: SharePoint site GUID | F7: 019adc9b-031d-4edc-b62f-512ed4671947 | G7: M365 usage report | I7: NEW. The usage export identifies sites by this and leaves Site URL blank on every row, so the refresh job must merge the export with a Graph site list to connect a GUID to a URL.
A8: 4 | B8: SiteUrl | C8: text | D8: The web address of the site. This is the column that joins this table to the Utilization Report Table. | E8: Absolute URL | F8: https://adb.sharepoint.com/sites/edrms-cwrd | G8: EDRMS database | H8: Utilization Report Table | I8: NOT available from the usage export, where it is empty on all 2,575 rows. Comes from Microsoft Graph, matched to the export on SiteId.
A9: 5 | B9: SiteName | C9: text | D9: The display name of the site. | E9: Free text | F9: EDRMS CWRD | G9: EDRMS database
A10: 6 | B10: SiteCreatedDate | C10: date | D10: The date the SharePoint site was created. | E10: System generated | F10: 2026-01-18 | G10: Microsoft Graph | I10: NEW. Microsoft Graph returns it as createdDateTime on every site.
A11: 7 | B11: IsEdrmsCompliant | C11: boolean | D11: Whether this is an EDRMS compliant site, meaning the Declare as Record button is available in it. | E11: true / false | F11: true | G11: NEEDS A DECISION | I11: NEW. Determined by whether the EDRMS app is installed on the site. Product ID {B255A2AF-7F63-4A30-966A-5D5FD99F97D7}.
A12: 8 | B12: ADBDepartmentOwner | C12: text | D12: The department that owns this site. | E12: Values from the Department term set | F12: CWRD | G12: NEEDS A DECISION | I12: GAP. Nothing in SharePoint supplies it. Loaded once from the RAC site mapping, roughly 1,057 rows, and inherited by every document in the site.
A13: 9 | B13: ReportRefreshDate | C13: date | D13: The last day Microsoft's usage figures actually cover. Every count on this row is measured over the window ending on this date, not on the date the job ran. | E13: System generated | F13: 2026-08-10 | G13: M365 usage report | I13: NEW. Report Refresh Date in both usage exports. WITHOUT THIS COLUMN THE VISIT COUNTS HAVE NO DATES ATTACHED. Microsoft refreshes on its own schedule and lags: an export taken on 12 Aug 2026 carried figures as at 10 Aug, a two day lag, and the lag varies. A date range must tile on THIS column, never on SnapshotDate, or consecutive weekly windows overlap or leave gaps and the total is quietly wrong. The window covered is ReportRefreshDate minus the period plus one, through ReportRefreshDate.
A14: 10 | B14: SiteVisits7 | C14: integer | D14: The number of page views in the site over the last 7 days. | E14: System generated | F14: 412 | G14: M365 usage report | I14: NEW. From the Microsoft 365 SharePoint site usage report. THIS IS THE COLUMN A DATE RANGE SUMS. Consecutive weekly snapshots of a 7 day window do not overlap, so adding them across the weeks in a range gives the visits for that range correctly.
A15: 11 | B15: SiteVisits30 | C15: integer | D15: The number of page views in the site over the last 30 days. | E15: System generated | F15: 4812 | G15: M365 usage report | I15: NEW. Same report at period='D30'. NEVER SUM THIS ACROSS SNAPSHOTS. Weekly runs of a 30 day window overlap heavily, so adding four of them counts most days four times. Point in time reading only.
A16: 12 | B16: SiteVisits90 | C16: integer | D16: The number of page views in the site over the last 90 days. | E16: System generated | F16: 13240 | G16: M365 usage report | I16: NEW. Same report at period='D90'. Never sum across snapshots, for the same reason as the 30 day figure.
A17: 13 | B17: UniqueViewers7 | C17: integer | D17: The number of distinct people who opened something in the site over the last 7 days. | E17: System generated | F17: 38 | G17: Site analytics | I17: NEW. NOT in the usage export, which has no unique viewer column at all. Comes from GET /sites/{id}/analytics/lastSevenDays, the actorCount field. Do not sum across sites to count people: anyone working in three sites is counted three times.
A18: 14 | B18: UniqueViewersAllTime | C18: integer | D18: The number of distinct people who have ever opened something in the site. | E18: System generated | F18: 122 | G18: Site analytics | I18: NEW. Replaces a UniqueViewers30 column that could not be filled: site analytics offers all time and last seven days only, and there is no 30 or 90 day window. Verified against the tenant, which returned actorCount 12 for org_csd_1.4testsite.
A19: 15 | B19: LibraryCount | C19: integer | D19: The number of document libraries in the site. | E19: System generated | F19: 12 | G19: Microsoft Graph | I19: NEW. Microsoft Graph, GET /sites/{id}/drives, counted.
A20: 16 | B20: LastActivityDate | C20: date | D20: The date anything in the site was last touched. | E20: System generated | F20: 2026-07-24 | G20: M365 usage report | I20: NEW. A site with no activity for 90 days is reported as inactive. The threshold is applied in the report, not stored here.
A21: 17 | B21: StorageUsed | C21: bigint | D21: The storage consumed by the site, in bytes. | E21: System generated | F21: 13636370432 | G21: M365 usage report | I21: NEW. Includes version history, so it reads higher than the sum of FileSize. Expected, not an error.
A22: 18 | B22: SiteOwner | C22: text | D22: The User Principal Name of the primary site administrator, meaning who to contact about a site that has gone quiet. | E22: Valid ADB UPN | F22: jperez@adb.org | G22: M365 usage report | I22: NEW. Usage export, Owner Principal Name. Verified: 1,899 of 1,918 live sites carry one, so 19 have no owner at all.
A23: 19 | B23: ProjectEndDate | C23: date | D23: The project end date recorded against the site. | E23: System generated | F23: 2027-12-31 | G23: EDRMS database | H23: ADBSites | I23: Already exists and is populated. The obvious basis for a site closure view.
A24: 20 | B24: IsDeleted | C24: boolean | D24: Soft delete flag. Closed sites stay in the table so historical figures do not change. | E24: true / false | F24: false | G24: Derived at load | I24: A site missing from the next export is the delete signal.
A25: 21 | B25: RowLoadedDate | C25: timestamp with time zone | D25: The date and time this row was last written. | E25: System generated | F25: 2026-07-27 06:00:00+00 | G25: Job generated | I25: NEW. Operational only.

Sheet DB 3 UserActivity
A1: USER ACTIVITY TABLE
A2: One row per person who used SharePoint in the window. About 9,400 rows. Exists because Total EDRMS Users counts people, and a person working in three sites appears in three rows of the Site Activity Table, so summing UniqueViewers30 overstates headcount.
A4: S/N | B4: Column | C4: Field type | D4: What it holds | E4: Values | F4: Sample | G4: Where the value comes from | H4: Joins to | I4: Remarks
A5: 1 | B5: Id | C5: uuid | D5: Primary key. Uniquely identifies each person row of the snapshot. | E5: System generated | F5: b47f2e0a-5c93-41d8-8a16-7f3d05e6b8c2 | G5: Job generated
A6: 2 | B6: SnapshotDate | C6: date | D6: The date the refresh job captured this data. | E6: System generated | F6: 2026-07-27 | G6: Job generated | I6: NEW. PART OF THE PRIMARY KEY. Retained, one row per person per week. Counting distinct UserPrincipalName across the snapshots in a range gives distinct people over that range, which is the only correct way to answer it: viewer counts cannot be added up, because the same person appearing in four weeks would be counted four times.
A7: 3 | B7: ReportRefreshDate | C7: date | D7: The last day Microsoft's usage figures actually cover. Every count on this row is measured over the window ending on this date, not on the date the job ran. | E7: System generated | F7: 2026-08-10 | G7: M365 usage report | I7: NEW. Report Refresh Date in both usage exports. WITHOUT THIS COLUMN THE VISIT COUNTS HAVE NO DATES ATTACHED. Microsoft refreshes on its own schedule and lags: an export taken on 12 Aug 2026 carried figures as at 10 Aug, a two day lag, and the lag varies. A date range must tile on THIS column, never on SnapshotDate, or consecutive weekly windows overlap or leave gaps and the total is quietly wrong. The window covered is ReportRefreshDate minus the period plus one, through ReportRefreshDate.
A8: 4 | B8: UserPrincipalName | C8: text | D8: The User Principal Name, meaning the sign-in email address, of a person who used SharePoint in the window. Counting distinct values of this column is the entire purpose of the table. | E8: Valid ADB UPN | F8: jperez@adb.org | G8: M365 usage report | I8: NEW. This is why the table exists: people cannot be counted from a table of sites. **Monthly active users is NOT the row count**: the export lists every licensed user, active or not. Verified on the tenant, where 30 rows held only 8 people who viewed or edited anything. Count rows where ViewedOrEditedFileCount is above zero.
A9: 5 | B9: DisplayName | C9: text | D9: The person's display name, for readability when the list is inspected. | E9: Free text | F9: J Perez | G9: Microsoft Graph | I9: NEW. NOT in the activity export, which carries User Principal Name and no display name. Needs a separate Graph call to /users, and it is cosmetic, so drop it if that call is not worth making.
A10: 6 | B10: LastActivityDate | C10: date | D10: The date of the person's most recent SharePoint activity. | E10: System generated | F10: 2026-07-24 | G10: M365 usage report | I10: NEW. Filter on this to count active users over 7 or 30 days.
A11: 7 | B11: ViewedOrEditedFileCount | C11: integer | D11: The number of files the person viewed or edited during the window. | E11: System generated | F11: 42 | G11: M365 usage report | I11: NEW. Separates heavy users from someone who opened one document, and is the obvious basis for an adoption view.
A12: 8 | B12: RowLoadedDate | C12: timestamp with time zone | D12: The date and time this row was last written. | E12: System generated | F12: 2026-07-27 06:00:00+00 | G12: Job generated | I12: NEW. Operational only.

Sheet DB 4 FilePlan
A1: FILE PLAN TABLE
A2: One row per term in the institutional file plan. Exists because the file plan is the taxonomy that classifies content, so its terms are neither documents nor sites nor people and none of the other three tables can hold them.
A4: S/N | B4: Column | C4: Field type | D4: What it holds | E4: Values | F4: Sample | G4: Where the value comes from | H4: Joins to | I4: Remarks
A5: 1 | B5: Id | C5: uuid | D5: Primary key. Uniquely identifies each term row of the snapshot. | E5: System generated | F5: e05b8c31-7d42-4a96-b3f8-1c9e4a70d582 | G5: Job generated
A6: 2 | B6: SnapshotDate | C6: date | D6: The date the refresh job captured this data. | E6: System generated | F6: 2026-07-27 | G6: Job generated | I6: NEW. PART OF THE PRIMARY KEY. Retained, so the file plan can be seen as it stood at any past refresh, which is what shows a taxonomy growing.
A7: 3 | B7: TermId | C7: uuid | D7: The GUID, meaning the system generated identifier, of the term. Stable across a rename, so counts do not jump when somebody edits a label. | E7: Term store GUID | F7: 6f2c1a48-9b30-4e75-8d21-c4a7e0f39a41 | G7: Term store | I7: NEW.
A8: 4 | B8: TermName | C8: text | D8: The label of the term as it appears in the term store. | E8: Free text | F8: Procurement Planning | G8: Term store | I8: NEW.
A9: 5 | B9: TermSetName | C9: text | D9: The term set the term belongs to. | E9: Free text | F9: Procurement | G9: Term store | I9: NEW.
A10: 6 | B10: CategoryName | C10: text | D10: The top level term group the term sits under, which is what the report groups by. | E10: Values from the term store groups | F10: ADB | G10: NEEDS A DECISION | I10: NEW. UNVERIFIED. The five categories in the requirement do not exist in the tenant's term store. See the Structure sheet.
A11: 7 | B11: Depth | C11: integer | D11: How many levels below the term set the term sits. A term directly under a term set is 1. | E11: System generated | F11: 3 | G11: Term store | I11: NEW. Recorded while walking the tree at no extra cost, and it answers how deep the plan actually runs.
A12: 8 | B12: RowLoadedDate | C12: timestamp with time zone | D12: The date and time this row was last written. | E12: System generated | F12: 2026-07-27 06:00:00+00 | G12: Job generated | I12: NEW. Operational only.

Sheet Questions to client
A1: Questions to ask, in priority order
A2: Ordered by how much each answer unblocks. Every one also appears against its figures on the dashboard sheets.
A4: # | B4: Topic | C4: Who answers | D4: What to ask, and why | E4: Unblocks
A5: 1 | B5: Institutional file plan | C5: Client, records management | D5: Ask where the institutional file plan actually lives. It is in neither the term store, which holds 6 dropdown value sets and 16 terms one level deep, nor Purview, which holds 53 flat retention labels. Why: a whole dashboard waits on the answer | E5: The whole File Plan dashboard, plus classification everywhere
A6: 2 | B6: Site to department list | C6: RAC, check Cloud Governance first | D6: Ask RAC for the site to department list, roughly 1,057 rows, one department per site URL. Check AvePoint Cloud Governance first, it may already hold it from the site request. Why: this single list unlocks every departmental figure in the report | E6: Every departmental figure, and all of Department Insights
A7: 3 | B7: Project site register | C7: RAC, check Cloud Governance first | D7: Ask whether a project site register exists: site URL to project number, and sovereign or nonsovereign. Check Cloud Governance first. Why: it is the only thing missing for the whole Project Insights dashboard, every measure on it is already producible | E7: The whole Project Insights dashboard
A8: 4 | B8: Term to document join | C8: Development team | D8: Ask the development team to add a term reference to the document row, or supply a term to library mapping list. Why: nothing links a term to a document, so no per term figure can be produced even once the file plan is located | E8: Every per term figure on two dashboards
A9: 5 | B9: Disposal status field | C9: Client, then the development team | D9: Raise a change request for a disposal status field: status, approver, and date disposed. Why: nothing records that a disposal happened, so every completion figure is unanswerable | E9: Disposal completion across three dashboards
A10: 6 | B10: EDRMS app detection | C10: Mihal Le | D10: Ask Mihal Le which API returns the installed app list per site, for app {B255A2AF-7F63-4A30-966A-5D5FD99F97D7}. Why: it defines which sites are in the report at all | E10: Which sites are in the report at all, and 4 KPIs
A11: 7 | B11: Division | C11: Client and RAC | D11: Ask who supplies division alongside department. Why: the tier was reinstated at the client's request but nothing in the tenant populates it, so the RAC list has to carry a division column too | E11: Four panels across two dashboards
A12: 8 | B12: Staff class and training | C12: Client, likely HR or an LMS | D12: Ask which system owns staff, contractor and consultant classification and training completion. The client asks the same question on their own slide 54. Why: nothing in SharePoint holds it | E12: The user panels on two dashboards
A13: 9 | B13: Inactivity threshold | C13: Client | D13: Ask whether an inactive site is 90 days or 300. The deck says 90, the metrics document says 300. Why: it changes every inactivity figure, and it is a one line change either way | E13: Every inactivity figure
A14: 10 | B14: Format group mapping | C14: RAC | D14: Ask RAC for the file extension to format group mapping, a short list. Why: without it every extension falls into All other formats | E14: The format and storage panel
A15: 11 | B15: Reference lists | C15: Client | D15: Ask who maintains this list and where it will live. Why: it is not a measurement, nothing can generate it, and without an owner the panel stays empty | E15: Go-live dates, conventions and programme dates on Department Insights
A16: 12 | B16: Archived sites | C16: Client | D16: Ask what archived means for a site, and how it is marked. Why: there is no definition anywhere, so the figure cannot be counted | E16: One tile, and the definition behind it
... A18: 14 | B18: Audit log access | C18: Client and ITD | D18: Ask whether audit log access can be granted, and confirm the purpose. Why: access requests, external sharing and permission exceptions live in the audit log, a different Graph surface with a different permission set | E18: Access management and visitor split

Sheet Summary
A1: Summary
A2: Every count is a formula over the six dashboard sheets, so it follows any edit made there.
B4: By status
B5: Status | C5: Count | D5: Share | E5: What it means
B6: Buildable now | C6: =COUNTIF('01 Bank-wide Oversight'!$N:$N,$B6)+COUNTIF('02 Department Insights'!$N:$N,$B6)+COUNTIF('03 Project Insights'!$N:$N,$B6)+COUNTIF('04 Institutional File Plan'!$N:$N,$B6)+COUNTIF('05 Retention and Disposal'!$N:$N,$B6)+COUNTIF('06 Records and Archive Holdings'!$N:$N,$B6) | D6: =IF($C$13=0,0,C6/$C$13) | E6: Sourceable from the 73 column design as it stands
B7: Needs department list | C7: =COUNTIF('01 Bank-wide Oversight'!$N:$N,$B7)+COUNTIF('02 Department Insights'!$N:$N,$B7)+COUNTIF('03 Project Insights'!$N:$N,$B7)+COUNTIF('04 Institutional File Plan'!$N:$N,$B7)+COUNTIF('05 Retention and Disposal'!$N:$N,$B7)+COUNTIF('06 Records and Archive Holdings'!$N:$N,$B7) | D7: =IF($C$13=0,0,C7/$C$13) | E7: Buildable the moment RAC supply the site to department list
B8: Needs new column or join | C8: =COUNTIF('01 Bank-wide Oversight'!$N:$N,$B8)+COUNTIF('02 Department Insights'!$N:$N,$B8)+COUNTIF('03 Project Insights'!$N:$N,$B8)+COUNTIF('04 Institutional File Plan'!$N:$N,$B8)+COUNTIF('05 Retention and Disposal'!$N:$N,$B8)+COUNTIF('06 Records and Archive Holdings'!$N:$N,$B8) | D8: =IF($C$13=0,0,C8/$C$13) | E8: The design must change: a new column, or a join that does not exist
B9: Needs application change | C9: =COUNTIF('01 Bank-wide Oversight'!$N:$N,$B9)+COUNTIF('02 Department Insights'!$N:$N,$B9)+COUNTIF('03 Project Insights'!$N:$N,$B9)+COUNTIF('04 Institutional File Plan'!$N:$N,$B9)+COUNTIF('05 Retention and Disposal'!$N:$N,$B9)+COUNTIF('06 Records and Archive Holdings'!$N:$N,$B9) | D9: =IF($C$13=0,0,C9/$C$13) | E9: Needs a new field in the EDRMS application, a development change request
B10: Needs reference list | C10: =COUNTIF('01 Bank-wide Oversight'!$N:$N,$B10)+COUNTIF('02 Department Insights'!$N:$N,$B10)+COUNTIF('03 Project Insights'!$N:$N,$B10)+COUNTIF('04 Institutional File Plan'!$N:$N,$B10)+COUNTIF('05 Retention and Disposal'!$N:$N,$B10)+COUNTIF('06 Records and Archive Holdings'!$N:$N,$B10) | D10: =IF($C$13=0,0,C10/$C$13) | E10: Not a measurement. Somebody has to maintain a list for it to exist
B11: Needs new data source | C11: =COUNTIF('01 Bank-wide Oversight'!$N:$N,$B11)+COUNTIF('02 Department Insights'!$N:$N,$B11)+COUNTIF('03 Project Insights'!$N:$N,$B11)+COUNTIF('04 Institutional File Plan'!$N:$N,$B11)+COUNTIF('05 Retention and Disposal'!$N:$N,$B11)+COUNTIF('06 Records and Archive Holdings'!$N:$N,$B11) | D11: =IF($C$13=0,0,C11/$C$13) | E11: A system we have not touched, or data no API returns
B12: Decision needed | C12: =COUNTIF('01 Bank-wide Oversight'!$N:$N,$B12)+COUNTIF('02 Department Insights'!$N:$N,$B12)+COUNTIF('03 Project Insights'!$N:$N,$B12)+COUNTIF('04 Institutional File Plan'!$N:$N,$B12)+COUNTIF('05 Retention and Disposal'!$N:$N,$B12)+COUNTIF('06 Records and Archive Holdings'!$N:$N,$B12) | D12: =IF($C$13=0,0,C12/$C$13) | E12: The client must answer before it can be scoped
B13: Total figures checked | C13: =SUM(C6:C12)
B15: By dashboard
B16: Dashboard | C16: Figures | D16: Buildable now | E16: Blocked on something
B17: Bank-wide Oversight | C17: =COUNTA('01 Bank-wide Oversight'!$N$5:$N$200) | D17: =COUNTIF('01 Bank-wide Oversight'!$N$5:$N$200,"Buildable now") | E17: =C17-D17
B18: Department Insights | C18: =COUNTA('02 Department Insights'!$N$5:$N$200) | D18: =COUNTIF('02 Department Insights'!$N$5:$N$200,"Buildable now") | E18: =C18-D18
B19: Project Insights | C19: =COUNTA('03 Project Insights'!$N$5:$N$200) | D19: =COUNTIF('03 Project Insights'!$N$5:$N$200,"Buildable now") | E19: =C19-D19
B20: Institutional File Plan Insights | C20: =COUNTA('04 Institutional File Plan'!$N$5:$N$200) | D20: =COUNTIF('04 Institutional File Plan'!$N$5:$N$200,"Buildable now") | E20: =C20-D20
B21: Retention and Disposal Insights | C21: =COUNTA('05 Retention and Disposal'!$N$5:$N$200) | D21: =COUNTIF('05 Retention and Disposal'!$N$5:$N$200,"Buildable now") | E21: =C21-D21
B22: Records and Archive Holdings | C22: =COUNTA('06 Records and Archive Holdings'!$N$5:$N$200) | D22: =COUNTIF('06 Records and Archive Holdings'!$N$5:$N$200,"Buildable now") | E22: =C22-D22
B23: Total | C23: =SUM(C17:C22) | D23: =SUM(D17:D22) | E23: =SUM(E17:E22)
B25: Hand check at build time
B26: These counts are formulas over the six dashboard sheets, not typed numbers, so they follow any edit made there. LibreOffice cannot recalculate in the build environment, so they ship without cached values: Excel computes them on open, but a lightweight previewer may show them blank. Counted by hand at build time there were 105 figures, being 20 , 17 Ask RAC for the site to department list, roughly 1,057 rows, one department per site URL. Check AvePoint Cloud Governance first, it may already hold it from the site request. Why: this single list unlocks every departmental figure in the report, 8 Ask whether a project site register exists: site URL to project number, and sovereign or nonsovereign. Check Cloud Governance first. Why: it is the only thing missing for the whole Project Insights dashboard, every measure on it is already producible, 7 Ask RAC for the physical holdings system: boxes, folders, locations, transfers and retrievals. Slide 67 names eServe for retrievals and shows an IR Dashboard screenshot. Why: none of it is in any system this report reads, and access to that dashboard may answer most of it, 5 Ask the development team to add a term reference to the document row, or supply a term to library mapping list. Why: nothing links a term to a document, so no per term figure can be produced even once the file plan is located, 4 Raise a change request for a disposal status field: status, approver, and date disposed. Why: nothing records that a disposal happened, so every completion figure is unanswerable, 4 Ask whether audit log access can be granted, and confirm the purpose. Why: access requests, external sharing and permission exceptions live in the audit log, a different Graph surface with a different permission set, 3 Ask which system owns staff, contractor and consultant classification and training completion. The client asks the same question on their own slide 54. Why: nothing in SharePoint holds it, 3 Ask who supplies division alongside department. Why: the tier was reinstated at the client's request but nothing in the tenant populates it, so the RAC list has to carry a division column too, 3 Ask whether an inactive site is 90 days or 300. The deck says 90, the metrics document says 300. Why: it changes every inactivity figure, and it is a one line change either way, 3 Ask who maintains this list and where it will live. Why: it is not a measurement, nothing can generate it, and without an owner the panel stays empty, 2 Ask Mihal Le which API returns the installed app list per site, for app {B255A2AF-7F63-4A30-966A-5D5FD99F97D7}. Why: it defines which sites are in the report at all. Also Ask whether an inactive site is 90 days or 300. The deck says 90, the metrics document says 300. Why: it changes every inactivity figure, and it is a one line change either way, 2 Ask where the institutional file plan actually lives. It is in neither the term store, which holds 6 dropdown value sets and 16 terms one level deep, nor Purview, which holds 53 flat retention labels. Why: a whole dashboard waits on the answer, 1 None. Warn the client that the export lists every licensed user, so the row count is not the active count, 1 None, but flag that the weekly scan must be built before this is real, 1 None, but note that a folder returns a cumulative size, so the scan must filter to files only, 1 Ask the development team to capture Author on the document scan. Why: without it, creation activity can only be measured for records, not for documents, 1 Confirm that a deleted site should be counted from its disappearance between two snapshots, rather than from a deletion event. Why: nothing raises an event to us, so absence is the only signal available, and it cannot distinguish a deletion from a permissions change that hides the site from the export, 1 Ask what archived means for a site, and how it is marked. Why: there is no definition anywhere, so the figure cannot be counted, 1 None. Confirm the job start date with the client, because the trend can only begin there, 1 Ask RAC for the file extension to format group mapping, a short list. Why: without it every extension falls into All other formats, 1 Tell the client this cannot be produced and offer records created per library instead. Why: Microsoft exposes no per library activity feed at all, 1 Ask whether a library owner is maintained anywhere. Why: the site owner is the only owner the tenant returns, 1 Confirm the definition. Why: the client wrote 'with same filenames?' themselves, so they already suspect it is imprecise, 1 Confirm what counts as orphaned. Why: it could mean a missing site, a missing library or a missing owner, and the three give different numbers, 1 Confirm the label names in use. Why: the tile names must match the tenant's own labels, 1 Tell the client search analytics cannot be attributed to a record or a library. Why: Microsoft reports them at tenant level only, 1 Offer most active sites instead. Why: document grain analytics do not exist, 1 Warn the client only 7 day and all time windows exist. Why: their slide implies a monthly figure, 1 Ask where the institutional file plan actually lives. It is in neither the term store, which holds 6 dropdown value sets and 16 terms one level deep, nor Purview, which holds 53 flat retention labels. Why: a whole dashboard waits on the answer. Also Ask the development team to add a term reference to the document row, or supply a term to library mapping list. Why: nothing links a term to a document, so no per term figure can be produced even once the file plan is located, 1 Tell the client this is not available at library grain. Why: Microsoft exposes no per library viewer feed, 1 Ask the development team to add a term reference to the document row, or supply a term to library mapping list. Why: nothing links a term to a document, so no per term figure can be produced even once the file plan is located. Also Ask RAC for the site to department list, roughly 1,057 rows, one department per site URL. Check AvePoint Cloud Governance first, it may already hold it from the site request. Why: this single list unlocks every departmental figure in the report, 1 Ask what a business process is and how it relates to a file plan term. The two are not the same thing and the requirement names it once without defining it. Why: it cannot be counted until somebody says what it counts, 1 Warn that this means the date has passed, not that action is outstanding. Why: nothing records whether a disposal was carried out, 1 Check the mapping list's key yourself before asking anyone. Why: if it keys by ListId this metric goes straight in, and if it keys by name the join is too fragile to trust, 1 Ask RAC for the physical holdings system: boxes, folders, locations, transfers and retrievals. Slide 67 names eServe for retrievals and shows an IR Dashboard screenshot. Why: none of it is in any system this report reads, and access to that dashboard may answer most of it. Answer their direct question: capacity can be displayed the moment somebody holds the figure, 1 Ask for access to the IR Dashboard shown on slide 67, and ask what is available in Opus. Why: both are their own questions to us, and the IR Dashboard may already hold most of this.
